Player,Pos,stats_link,Ht,Wt,40yd,Vertical,Bench,Broad Jump,3Cone,Shuttle,Drafted (tm/rnd/yr)
Jonathan Adams,WR,https://www.sports-reference.com/cfb/players/jonathan-adams-jr-1.html,6-2,210,4.59,39.0,,132,7.04,4.38,
Paulson Adebo,CB,https://www.sports-reference.com/cfb/players/paulson-adebo-1.html,6-1,198,4.45,36.5,18,121,6.69,4.13,New Orleans Saints / 3rd / 76th pick / 2021
Paulson Adebo,TE,https://www.sports-reference.com/cfb/players/giles-amos-1.html,6-3,250,5.14,28.5,,111,7.65,5.13,
Paulson Adebo,LB,https://www.sports-reference.com/cfb/players/zayne-anderson-1.html,,,4.46,34.0,11,120,6.78,4.22,
Paulson Adebo,RB,https://www.sports-reference.com/cfb/players/otis-anderson-1.html,5-7,179,4.63,36.0,11,113,7.04,4.38,
Jack Anderson,OL,https://www.sports-reference.com/cfb/players/jack-anderson-3.html,6-4,314,5.28,29.5,27,105,7.90,4.83,Buffalo Bills / 7th / 236th pick / 2021
Jack Anderson,DT,https://www.sports-reference.com/cfb/players/dan-archibong-1.html,6-5,295,5.35,28.5,28,100,8.16,4.68,
Calvin Ashley,OL,https://www.sports-reference.com/cfb/players/dan-archibong-1.html,6-6,314,5.49,29.0,15,105,7.00,5.10,
Calvin Ashley,DB,https://www.sports-reference.com/cfb/players/jaytlin-askew-1.html,5-8,180,4.51,35.5,18,125,7.10,4.31,
Tutu Atwell,WR,https://www.sports-reference.com/cfb/players/chatarius-atwell-1.html,5-8,155,4.42,33.0,,117,6.89,4.14,Los Angeles Rams / 2nd / 57th pick / 2021
Kayode Awosika,OL,https://www.sports-reference.com/cfb/players/kayode-awosika-1.html,6-3,307,5.19,30.0,28,100,8.15,4.91,
Kayode Awosika,WR,https://www.sports-reference.com/cfb/players/kawaan-baker-1.html,6-0,210,4.44,39.5,21,129,7.42,4.41,
Josh Ball,OL,https://www.sports-reference.com/cfb/players/josh-ball-1.html,6-7,308,5.20,27.5,28,106,7.77,4.70,Dallas Cowboys / 4th / 138th pick / 2021
Aaron Banks,OL,https://www.sports-reference.com/cfb/players/aaron-banks-4.html,6-5,325,5.32,31.0,24,100,7.69,4.89,San Francisco 49ers / 2nd / 48th pick / 2021
Aaron Banks,OL,https://www.sports-reference.com/cfb/players/cole-banwart-1.html,6-1,298,5.12,27.5,22,103,7.50,4.70,
Christian Barmore,DL,https://www.sports-reference.com/cfb/players/christian-barmore-1.html,6-4,310,4.93,,,,,,New England Patriots / 2nd / 38th pick / 2021
Derrick Barnes,DE,https://www.sports-reference.com/cfb/players/derrick-barnes-2.html,6-0,238,4.57,37.0,29,119,,4.27,Detroit Lions / 4th / 113th pick / 2021
Carlos Basham,DL,https://www.sports-reference.com/cfb/players/carlos-basham-jr-1.html,6-3,274,4.64,34.0,20,122,7.13,4.25,Buffalo Bills / 2nd / 61st pick / 2021
Rashod Bateman,WR,https://www.sports-reference.com/cfb/players/rashod-bateman-1.html,6-0,190,4.39,36.0,,123,,,Baltimore Ravens / 1st / 27th pick / 2021
Rashod Bateman,TE,https://www.sports-reference.com/cfb/players/john-bates-1.html,6-5,250,4.84,31.5,19,120,6.85,4.35,
Rashod Bateman,LS,https://www.sports-reference.com/cfb/players/adam-bay-1.html,5-11,240,5.27,26.0,14,100,7.65,4.56,
Tavante Beckett,LB,https://www.sports-reference.com/cfb/players/tavante-beckett-1.html,5-10,220,4.78,31.0,18,106,7.34,4.58,
Tavante Beckett,OL,https://www.sports-reference.com/cfb/players/chase-behrndt-1.html,6-3,324,5.55,24.5,25,101,8.21,4.93,
Shaun Beyer,TE,https://www.sports-reference.com/cfb/players/shaun-beyer-1.html,6-4,250,4.78,31.5,,119,,4.20,
Tarik Black,WR,https://www.sports-reference.com/cfb/players/tarik-black-1.html,6-2,213,4.54,40.0,15,132,6.91,4.26,
Tarik Black,WR,https://www.sports-reference.com/cfb/players/josh-blancato-1.html,5-9,182,4.55,32.0,17,124,6.90,4.31,
Joshuah Bledsoe,S,https://www.sports-reference.com/cfb/players/joshuah-bledsoe-1.html,,,,,,,,,New England Patriots / 6th / 188th pick / 2021
Joshuah Bledsoe,DL,https://www.sports-reference.com/cfb/players/quinton-bohanna-1.html,6-4,327,5.46,29.0,,99,8.21,5.15,
Nick Bolton,LB,https://www.sports-reference.com/cfb/players/nick-bolton-1.html,5-11,237,4.60,32.0,24,,7.40,4.50,Kansas City Chiefs / 2nd / 58th pick / 2021
Ian Book,QB,https://www.sports-reference.com/cfb/players/ian-book-1.html,6-0,211,4.65,32.5,,115,6.99,4.19,New Orleans Saints / 4th / 133rd pick / 2021
Dicaprio Bootle,CB,https://www.sports-reference.com/cfb/players/dicaprio-bootle-1.html,5-9,180,4.38,36.5,16,126,6.77,4.03,
Tuf Borland,LB,https://www.sports-reference.com/cfb/players/tuf-borland-1.html,6-0,229,4.98,32.5,15,109,7.17,4.29,
Larry Borom,OL,https://www.sports-reference.com/cfb/players/larry-borom-1.html,6-5,322,5.12,31.0,,,,,Chicago Bears / 5th / 151st pick / 2021
Rakeem Boyd,RB,https://www.sports-reference.com/cfb/players/rakeem-boyd-2.html,5-11,213,4.70,32.5,6,98,7.22,4.38,
Rakeem Boyd,DL,https://www.sports-reference.com/cfb/players/michael-boykin-1.html,6-5,291,4.88,32.0,24,110,7.69,4.58,
William Bradley-King,OLB,https://www.sports-reference.com/cfb/players/william-bradley-king-1.html,6-3,252,4.74,34.5,,119,7.14,4.26,Washington Football Team / 7th / 240th pick / 2021
Brady Breeze,S,https://www.sports-reference.com/cfb/players/brady-breeze-1.html,5-11,197,4.55,38.0,20,120,7.05,4.22,Tennessee Titans / 6th / 215th pick / 2021
Gary Brightwell,RB,https://www.sports-reference.com/cfb/players/gary-brightwell-1.html,5-10,218,4.62,34.5,17,118,7.51,4.48,New York Giants / 6th / 196th pick / 2021
K.J. Britt,LB,https://www.sports-reference.com/cfb/players/kj-britt-1.html,6-0,235,4.76,32.5,24,118,7.38,4.40,Tampa Bay Buccaneers / 5th / 176th pick / 2021
K.J. Britt,DL,https://www.sports-reference.com/cfb/players/josiah-bronson-1.html,6-2,304,5.08,30.0,27,101,7.63,4.72,
K.J. Britt,DB,https://www.sports-reference.com/cfb/players/chris-brown-18.html,5-10,191,4.55,36.0,15,118,6.85,4.18,
K.J. Britt,DE,https://www.sports-reference.com/cfb/players/earnest-brown-iv-1.html,6-4,270,5.01,31.0,25,115,7.19,4.50,
K.J. Britt,CB,https://www.sports-reference.com/cfb/players/kimere-brown-1.html,5-11,175,4.57,32.5,,124,7.37,4.32,
Deonte Brown,OL,https://www.sports-reference.com/cfb/players/deonte-brown-1.html,6-3,344,,27.0,,,,,Carolina Panthers / 6th / 193rd pick / 2021
Dyami Brown,WR,https://www.sports-reference.com/cfb/players/dyami-brown-1.html,6-0,189,4.46,35.0,18,128,6.87,4.35,Washington Football Team / 3rd / 82nd pick / 2021
Shakur Brown,CB,https://www.sports-reference.com/cfb/players/shakur-brown-1.html,5-9,185,4.61,35.5,17,116,7.08,4.23,
Tre Brown,CB,https://www.sports-reference.com/cfb/players/tre-brown-2.html,5-9,185,4.42,38.0,13,123,7.11,4.27,Seattle Seahawks / 4th / 137th pick / 2021
Amon-Ra St. Brown,WR,https://www.sports-reference.com/cfb/players/amon-ra-st-brown-1.html,5-11,197,4.51,38.5,20,127,6.88,4.17,Detroit Lions / 4th / 112th pick / 2021
Baron Browning,LB,https://www.sports-reference.com/cfb/players/baron-browning-1.html,6-2,245,4.58,40.0,23,130,6.78,4.23,Denver Broncos / 3rd / 105th pick / 2021
Baron Browning,OL,https://www.sports-reference.com/cfb/players/john-brunner-2.html,6-2,194,,32.5,11,121,6.77,4.30,
Baron Browning,OL,https://www.sports-reference.com/cfb/players/john-brunner-2.html,6-2,194,,32.5,11,121,6.77,4.30,
Baron Browning,LB,https://www.sports-reference.com/cfb/players/calvin-bundage-1.html,6-1,221,4.81,31.5,14,116,7.31,4.43,
Lorenzo Burns,CB,https://www.sports-reference.com/cfb/players/lorenzo-burns-1.html,5-10,183,4.56,33.5,14,123,7.55,4.51,
Eric Burrell,S,https://www.sports-reference.com/cfb/players/eric-burrell-1.html,5-11,197,4.73,35.5,8,124,7.21,4.26,
Eric Burrell,LS,https://www.sports-reference.com/cfb/players/wesley-burris-1.html,5-9,203,5.30,30.0,12,102,7.51,4.74,
Eric Burrell,OL,https://www.sports-reference.com/cfb/players/jake-burton-1.html,6-5,303,5.49,26.0,22,100,8.22,4.97,
Camryn Bynum,CB,https://www.sports-reference.com/cfb/players/camryn-bynum-1.html,6-0,196,4.58,34.0,,129,6.99,4.10,Minnesota Vikings / 4th / 125th pick / 2021
Camryn Bynum,WR,https://www.sports-reference.com/cfb/players/jalen-camp-1.html,6-1,226,4.48,39.5,29,125,7.00,4.14,
Camryn Bynum,OL,https://www.sports-reference.com/cfb/players/donavaughn-campbell-1.html,6-4,336,5.62,22.0,,93,8.34,5.15,
Kyree Campbell,DL,https://www.sports-reference.com/cfb/players/kyree-campbell-1.html,6-2,287,5.46,25.0,,98,7.96,5.02,
Tyson Campbell,DB,https://www.sports-reference.com/cfb/players/tyson-campbell-1.html,6-1,193,4.40,34.5,12,124,7.15,4.45,Jacksonville Jaguars / 2nd / 33rd pick / 2021
Tyson Campbell,K,https://www.sports-reference.com/cfb/players/joseph-carlson-1.html,6-0,175,,,,,,,
Jackson Carman,OT,https://www.sports-reference.com/cfb/players/jackson-carman-1.html,6-4,317,,,,,,,Cincinnati Bengals / 2nd / 46th pick / 2021
Jackson Carman,FB,https://www.sports-reference.com/cfb/players/tory-carter-1.html,6-0,229,4.86,35.5,24,112,7.21,4.38,
Michael Carter,RB,https://www.sports-reference.com/cfb/players/michael-carter-5.html,5-7,201,4.50,34.0,16,119,6.81,3.98,New York Jets / 4th / 107th pick / 2021
Michael Carter,TE,https://www.sports-reference.com/cfb/players/jc-chalk-1.html,6-2,250,5.18,28.5,15,106,7.83,4.72,
Ja'Marr Chase,WR,https://www.sports-reference.com/cfb/players/jamarr-chase-1.html,6-0,201,4.34,41.0,,132,6.96,3.99,Cincinnati Bengals / 1st / 5th pick / 2021
Ja'Marr Chase,WR,https://www.sports-reference.com/cfb/players/ramaud-chiaokhiao-bowman-1.html,6-1,204,4.78,34.5,11,119,6.78,4.20,
Drue Chrisman,P,https://www.sports-reference.com/cfb/players/dru-chrisman-1.html,6-2,209,,,,,,,
Brady Christensen,OL,https://www.sports-reference.com/cfb/players/brady-christensen-1.html,,,,34.0,30,124,,,Carolina Panthers / 3rd / 70th pick / 2021
Andre Cisco,DB,https://www.sports-reference.com/cfb/players/andre-cisco-1.html,,,,,17,,,,Jacksonville Jaguars / 3rd / 65th pick / 2021
Andre Cisco,CB,https://www.sports-reference.com/cfb/players/mallory-claybourne-1.html,5-9,191,4.57,33.0,12,116,7.37,4.32,
Ben Cleveland,OL,https://www.sports-reference.com/cfb/players/ben-cleveland-2.html,6-6,343,5.05,28.0,30,102,,4.88,Baltimore Ravens / 3rd / 94th pick / 2021
Ben Cleveland,LB,https://www.sports-reference.com/cfb/players/riley-cole-1.html,6-2,240,4.72,,26,,7.46,4.35,
Nico Collins,WR,https://www.sports-reference.com/cfb/players/nico-collins-1.html,6-4,215,4.43,37.5,14,125,6.78,4.29,Houston Texans / 3rd / 89th pick / 2021
Zaven Collins,LB,https://www.sports-reference.com/cfb/players/zaven-collins-1.html,6-4,259,4.67,35.0,19,122,,4.36,Arizona Cardinals / 1st / 16th pick / 2021
Zaven Collins,P,https://www.sports-reference.com/cfb/players/nolan-cooney-1.html,6-2,195,,,,,,,
Jonathon Cooper,DE,https://www.sports-reference.com/cfb/players/jonathon-cooper-1.html,6-2,253,4.69,33.0,28,108,6.99,4.31,Denver Broncos / 7th / 239th pick / 2021
Samuel Cosmi,OL,https://www.sports-reference.com/cfb/players/samuel-cosmi-1.html,6-5,314,4.87,30.0,36,117,7.35,4.39,Washington Football Team / 2nd / 51st pick / 2021
Samuel Cosmi,S,https://www.sports-reference.com/cfb/players/seth-cottengim-1.html,5-11,230,,28.5,,,,,
Jabril Cox,LB,https://www.sports-reference.com/cfb/players/jabril-cox-1.html,6-3,232,,,,,,,Dallas Cowboys / 4th / 115th pick / 2021
Damonte Coxie,WR,https://www.sports-reference.com/cfb/players/damonte-coxie-1.html,6-2,198,4.77,30.5,4,122,6.92,4.45,
Damonte Coxie,LB,https://www.sports-reference.com/cfb/players/tyler-coyle-1.html,6-1,209,4.38,39.0,24,133,7.14,4.00,
Damonte Coxie,K,https://www.sports-reference.com/cfb/players/jack-crane-1.html,6-1,193,,,,,,,
Damonte Coxie,TE,https://www.sports-reference.com/cfb/players/daniel-crawford-1.html,6-1,245,4.70,32.5,14,113,7.19,4.45,
Damonte Coxie,S,https://www.sports-reference.com/cfb/players/shaun-crawford-1.html,5-9,182,4.55,35.0,12,116,6.70,4.13,
Damonte Coxie,OL,https://www.sports-reference.com/cfb/players/harry-crider-1.html,6-2,307,5.25,27.0,31,102,7.63,4.68,
Damonte Coxie,OL,https://www.sports-reference.com/cfb/players/jake-curhan-1.html,6-5,316,5.45,24.0,15,102,8.07,4.84,
David Curry,LB,https://www.sports-reference.com/cfb/players/david-curry-1.html,6-1,227,,,,,,,
Drew Dalman,C,https://www.sports-reference.com/cfb/players/drew-dalman-1.html,6-3,299,5.11,33.0,33,109,7.33,4.52,Atlanta Falcons / 4th / 114th pick / 2021
DJ Daniel,DB,https://www.sports-reference.com/cfb/players/dj-daniel-2.html,5-11,195,4.62,31.0,11,119,7.02,4.12,
Frank Darby,WR,https://www.sports-reference.com/cfb/players/frank-darby-1.html,6-0,201,4.56,34.5,19,117,7.05,4.25,Atlanta Falcons / 6th / 187th pick / 2021
Jaelon Darden,WR,https://www.sports-reference.com/cfb/players/jaelon-darden-1.html,5-7,174,4.47,35.5,,122,6.66,3.98,Tampa Bay Buccaneers / 4th / 129th pick / 2021
Corey Dauphine,RB,https://www.sports-reference.com/cfb/players/corey-dauphine-1.html,5-11,198,4.71,30.0,14,117,7.40,4.53,
Corey Dauphine,TE,https://www.sports-reference.com/cfb/players/corey-dauphine-1.html,6-6,245,4.58,37.5,17,117,6.95,4.19,
Corey Dauphine,QB,https://www.sports-reference.com/cfb/players/brady-davis-2.html,,,4.65,31.0,,114,7.06,4.20,
Jamin Davis,LB,https://www.sports-reference.com/cfb/players/jamin-davis-1.html,6-3,234,4.47,42.0,,132,,,Washington Football Team / 1st / 19th pick / 2021
Shawn Davis,DB,https://www.sports-reference.com/cfb/players/shawn-davis-3.html,5-10,202,,39.5,17,128,,,Indianapolis Colts / 5th / 165th pick / 2021
Wyatt Davis,OL,https://www.sports-reference.com/cfb/players/wyatt-davis-1.html,6-3,315,,,25,,,,Minnesota Vikings / 3rd / 86th pick / 2021
Divine Deablo,DB,https://www.sports-reference.com/cfb/players/divine-deablo-1.html,6-3,226,4.42,34.0,19,126,7.12,4.40,Las Vegas Raiders / 3rd / 80th pick / 2021
Divine Deablo,RB,https://www.sports-reference.com/cfb/players/bryson-denley-1.html,5-7,189,4.56,27.5,13,110,7.25,4.57,
Divine Deablo,RB,https://www.sports-reference.com/cfb/players/bryson-denley-1.html,5-7,189,4.56,27.5,13,110,7.25,4.57,
Divine Deablo,OL,https://www.sports-reference.com/cfb/players/jon-dietzen-1.html,6-4,312,5.32,27.0,19,106,7.64,4.85,
Victor Dimukeje,DE,https://www.sports-reference.com/cfb/players/victor-dimukeje-1.html,6-1,262,4.87,34.5,28,115,7.25,4.35,Arizona Cardinals / 6th / 210th pick / 2021
Victor Dimukeje,LS,https://www.sports-reference.com/cfb/players/brett-dioguardi-1.html,6-3,234,5.48,24.5,,98,7.88,4.95,
Victor Dimukeje,RB,https://www.sports-reference.com/cfb/players/gerrid-doaks-1.html,5-11,228,4.58,39.5,19,120,7.20,4.27,
Victor Dimukeje,P,https://www.sports-reference.com/cfb/players/max-duffy-1.html,6-0,196,,,,,,,
Victor Dimukeje,WR,https://www.sports-reference.com/cfb/players/devontres-dukes-1.html,6-3,216,4.81,33.0,16,122,7.07,4.41,
Victor Dimukeje,K,https://www.sports-reference.com/cfb/players/keith-duncan-1.html,,176,,,,,,,
Victor Dimukeje,DB,https://www.sports-reference.com/cfb/players/isaiah-dunn-1.html,5-11,189,4.39,35.5,13,127,6.93,4.21,
Victor Dimukeje,DB,https://www.sports-reference.com/cfb/players/wes-dvorak-1.html,5-11,198,4.52,41.5,,132,6.94,4.33,
Brennan Eagles,WR,https://www.sports-reference.com/cfb/players/brennan-eagles-1.html,6-3,225,4.55,36.5,,125,6.93,4.42,
Adrian Ealy,OL,https://www.sports-reference.com/cfb/players/adrian-ealy-1.html,6-6,321,5.42,24.5,18,104,8.82,4.87,
Adrian Ealy,DB,https://www.sports-reference.com/cfb/players/brandin-echols-1.html,5-10,179,4.34,42.5,13,136,6.84,4.12,
Sam Ehlinger,QB,https://www.sports-reference.com/cfb/players/sam-ehlinger-1.html,6-1,220,4.84,36.5,,114,7.15,4.44,Indianapolis Colts / 6th / 218th pick / 2021
Liam Eichenberg,OL,https://www.sports-reference.com/cfb/players/liam-eichenberg-1.html,6-6,306,,26.5,33,105,7.53,4.58,Miami Dolphins / 2nd / 42nd pick / 2021
Liam Eichenberg,LB,https://www.sports-reference.com/cfb/players/milo-eifler-1.html,6-2,228,4.58,37.5,14,126,7.15,4.35,
D'Wayne Eskridge,WR,https://www.sports-reference.com/cfb/players/dwayne-eskridge-1.html,5-8,190,4.38,35.0,,124,6.93,4.22,Seattle Seahawks / 2nd / 56th pick / 2021
Dorian Etheridge,LB,https://www.sports-reference.com/cfb/players/dorian-etheridge-1.html,6-1,233,4.87,35.0,,121,7.25,4.47,
Travis Etienne,RB,https://www.sports-reference.com/cfb/players/travis-etienne-1.html,5-10,215,4.45,33.5,18,128,,,Jacksonville Jaguars / 1st / 25th pick / 2021
Chris Evans,RB,https://www.sports-reference.com/cfb/players/chris-evans-2.html,5-11,211,4.50,40.5,20,127,6.83,4.12,Cincinnati Bengals / 6th / 202nd pick / 2021
Chris Evans,DL,https://www.sports-reference.com/cfb/players/dillon-faamatau-1.html,6-3,280,5.35,24.5,22,100,8.58,5.15,
Austin Faoliu,DT,https://www.sports-reference.com/cfb/players/austin-faoliu-1.html,6-3,287,,,,,,,
Austin Faoliu,OL,https://www.sports-reference.com/cfb/players/matt-farniok-1.html,6-5,311,5.20,33.0,28,105,7.14,4.80,
Luke Farrell,TE,https://www.sports-reference.com/cfb/players/luke-farrell-1.html,6-5,251,4.79,36.5,22,118,7.14,4.36,Jacksonville Jaguars / 5th / 145th pick / 2021
Simi Fehoko,WR,https://www.sports-reference.com/cfb/players/simi-fehoko-1.html,6-3,222,4.44,34.5,16,120,6.78,4.26,Dallas Cowboys / 5th / 179th pick / 2021
Demetric Felton,RB,https://www.sports-reference.com/cfb/players/demetric-felton-1.html,5-8,189,4.55,,,,,,Cleveland Browns / 6th / 211th pick / 2021
Demetric Felton,OT,https://www.sports-reference.com/cfb/players/parker-ferguson-1.html,6-3,306,5.19,31.0,24,105,7.75,4.90,
Justin Fields,QB,https://www.sports-reference.com/cfb/players/justin-fields-2.html,6-2,227,4.45,,,,,,Chicago Bears / 1st / 11th pick / 2021
Tony Fields,LB,https://www.sports-reference.com/cfb/players/tony-fields-ii-1.html,6-0,222,4.64,34.0,17,114,7.15,4.48,Cleveland Browns / 5th / 153rd pick / 2021
Paddy Fisher,LB,https://www.sports-reference.com/cfb/players/paddy-fisher-1.html,6-3,240,4.91,31.5,20,110,7.00,4.47,
Dez Fitzpatrick,WR,https://www.sports-reference.com/cfb/players/dez-fitzpatrick-1.html,6-1,208,4.43,35.0,,,7.09,4.26,Tennessee Titans / 4th / 109th pick / 2021
Dez Fitzpatrick,LS,https://www.sports-reference.com/cfb/players/thomas-fletcher-1.html,,,,,,,,,
Paris Ford,DB,https://www.sports-reference.com/cfb/players/paris-ford-1.html,6-0,197,4.85,28.5,,110,7.44,4.45,
Darrick Forrest,S,https://www.sports-reference.com/cfb/players/darrick-forrest-1.html,5-11,206,4.42,39.0,21,132,6.91,4.23,Washington Football Team / 5th / 163rd pick / 2021
Miller Forristall,TE,https://www.sports-reference.com/cfb/players/miller-forristall-1.html,,,,,,,,,
Stone Forsythe,OL,https://www.sports-reference.com/cfb/players/stone-forsythe-1.html,6-8,307,5.14,27.5,25,103,7.47,4.65,Seattle Seahawks / 6th / 208th pick / 2021
Feleipe Franks,QB,https://www.sports-reference.com/cfb/players/feleipe-franks-1.html,6-6,234,4.61,32.5,,117,7.16,4.22,
Pat Freiermuth,TE,https://www.sports-reference.com/cfb/players/pat-freiermuth-1.html,6-5,251,,,26,,,,Pittsburgh Steelers / 2nd / 55th pick / 2021
Will Fries,OL,https://www.sports-reference.com/cfb/players/will-fries-1.html,6-6,309,5.37,31.0,24,115,7.77,4.53,Indianapolis Colts / 7th / 248th pick / 2021
Jake Funk,RB,https://www.sports-reference.com/cfb/players/jake-funk-1.html,5-10,204,4.49,38.0,22,122,6.71,4.12,Los Angeles Rams / 7th / 233rd pick / 2021
Kenneth Gainwell,RB,https://www.sports-reference.com/cfb/players/kenny-gainwell-1.html,,201,4.42,,21,,,,Philadelphia Eagles / 5th / 150th pick / 2021
Kenneth Gainwell,WR,https://www.sports-reference.com/cfb/players/bailey-gaither-1.html,6-0,188,4.45,31.0,9,121,7.07,4.39,
Kenneth Gainwell,LB,https://www.sports-reference.com/cfb/players/blake-gallagher-1.html,5-11,228,4.83,31.5,27,107,7.23,4.40,
Mark Gilbert,CB,https://www.sports-reference.com/cfb/players/mark-gilbert-1.html,6-0,186,4.47,36.0,13,130,7.05,4.37,
Tyree Gillespie,S,https://www.sports-reference.com/cfb/players/tyree-gillespie-1.html,,,4.38,,15,,7.06,,Las Vegas Raiders / 4th / 143rd pick / 2021
Chauncey Golston,DL,https://www.sports-reference.com/cfb/players/chauncey-golston-1.html,6-4,269,4.79,36.0,,119,7.52,4.65,Dallas Cowboys / 3rd / 84th pick / 2021
Tay Gowan,DB,https://www.sports-reference.com/cfb/players/tay-gowan-1.html,6-0,186,4.44,35.5,13,118,6.88,4.25,Arizona Cardinals / 6th / 223rd pick / 2021
Ta'Quon Graham,DL,https://www.sports-reference.com/cfb/players/taquon-graham-1.html,6-3,292,4.89,32.5,32,113,7.31,4.68,Atlanta Falcons / 5th / 148th pick / 2021
Richie Grant,DB,https://www.sports-reference.com/cfb/players/richie-grant-1.html,5-11,197,4.49,34.5,12,129,6.78,4.27,Atlanta Falcons / 2nd / 40th pick / 2021
Noah Gray,TE,https://www.sports-reference.com/cfb/players/noah-gray-1.html,6-3,240,4.55,35.0,15,115,6.83,4.37,Kansas City Chiefs / 5th / 162nd pick / 2021
Kendrick Green,OL,https://www.sports-reference.com/cfb/players/kendrick-green-1.html,6-1,305,4.89,35.5,25,119,7.79,4.67,Pittsburgh Steelers / 3rd / 87th pick / 2021
Kendrick Green,OL,https://www.sports-reference.com/cfb/players/kendrick-green-1.html,6-1,305,4.89,35.5,25,119,7.79,4.67,Pittsburgh Steelers / 3rd / 87th pick / 2021
Trevon Grimes,WR,https://www.sports-reference.com/cfb/players/trevon-grimes-1.html,6-4,220,4.49,35.0,15,118,6.98,4.28,
Trevon Grimes,RB,https://www.sports-reference.com/cfb/players/garrett-groshek-1.html,5-11,217,4.64,33.5,17,115,7.08,4.32,
Robert Hainsey,OL,https://www.sports-reference.com/cfb/players/robert-hainsey-1.html,6-4,306,5.20,27.5,32,104,7.58,4.63,Tampa Bay Buccaneers / 3rd / 95th pick / 2021
Darren Hall,CB,https://www.sports-reference.com/cfb/players/darren-hall-1.html,5-11,188,4.47,38.5,16,132,7.07,4.28,Atlanta Falcons / 4th / 108th pick / 2021
Damar Hamlin,DB,https://www.sports-reference.com/cfb/players/damar-hamlin-1.html,6-0,200,4.60,35.0,18,118,6.93,4.40,Buffalo Bills / 6th / 212th pick / 2021
Mike Hampton,DB,https://www.sports-reference.com/cfb/players/mike-hampton-2.html,5-11,186,,,22,,,,
Mike Hampton,OL,https://www.sports-reference.com/cfb/players/noah-hannon-1.html,6-0,238,5.15,29.5,15,108,7.37,4.68,
Adrian Hardy,WR,https://www.sports-reference.com/cfb/players/adrian-hardy-1.html,6-1,205,4.61,37.5,12,124,6.96,4.50,
Bryce Hargrove,OL,https://www.sports-reference.com/cfb/players/bryce-hargrove-1.html,6-3,310,5.46,27.0,26,97,8.06,5.03,
Bryce Hargrove,OL,https://www.sports-reference.com/cfb/players/darius-harper-2.html,6-6,300,5.05,30.5,16,105,7.70,4.54,
Bryce Hargrove,TE,https://www.sports-reference.com/cfb/players/scooter-harrington-1.html,6-4,250,5.19,29.0,,105,7.20,4.53,
Bryce Hargrove,WR,https://www.sports-reference.com/cfb/players/jacob-harris-2.html,6-5,219,4.39,40.5,15,133,6.54,4.31,
Bryce Hargrove,WR,https://www.sports-reference.com/cfb/players/jaylen-harris-2.html,5-8,170,4.77,30.5,8,109,7.37,4.50,
Bryce Hargrove,P,https://www.sports-reference.com/cfb/players/pressley-harvin-iii-1.html,5-11,263,,,14,,,,
Bryce Hargrove,K,https://www.sports-reference.com/cfb/players/blake-haubeil-1.html,6-3,233,,,,,,,
Bryce Hargrove,TE,https://www.sports-reference.com/cfb/players/jake-hausmann-1.html,6-4,242,4.98,29.5,16,112,7.65,4.44,
Javian Hawkins,RB,https://www.sports-reference.com/cfb/players/javian-hawkins-1.html,5-8,183,4.46,36.0,,116,6.98,4.23,
Daelin Hayes,DL,https://www.sports-reference.com/cfb/players/daelin-hayes-1.html,6-3,253,4.71,32.5,26,119,7.17,4.29,Baltimore Ravens / 5th / 171st pick / 2021
Damon Hazelton,WR,https://www.sports-reference.com/cfb/players/damon-hazelton-jr-1.html,,,4.60,37.5,,,,,
Jack Heflin,DL,https://www.sports-reference.com/cfb/players/jack-heflin-1.html,,304,5.30,29.0,,104,7.61,,
Brett Heggie,OL,https://www.sports-reference.com/cfb/players/brett-heggie-1.html,6-4,310,5.50,26.0,21,105,7.66,4.69,
Brett Heggie,RB,https://www.sports-reference.com/cfb/players/justin-henderson-2.html,5-7,220,4.65,32.0,26,118,7.22,4.59,
Khalil Herbert,RB,https://www.sports-reference.com/cfb/players/khalil-herbert-1.html,5-8,210,4.46,33.0,22,115,6.96,4.31,Chicago Bears / 6th / 217th pick / 2021
Khalil Herbert,OL,https://www.sports-reference.com/cfb/players/grant-hermanns-1.html,6-7,300,,27.0,29,107,7.76,4.81,
Malik Herring,DL,https://www.sports-reference.com/cfb/players/malik-herring-1.html,6-3,283,,,,,,,
Kylin Hill,RB,https://www.sports-reference.com/cfb/players/kylin-hill-1.html,5-10,214,4.51,36.0,22,122,7.13,4.35,Green Bay Packers / 7th / 256th pick / 2021
Trey Hill,OL,https://www.sports-reference.com/cfb/players/trey-hill-1.html,6-3,319,5.50,,,,,,Cincinnati Bengals / 6th / 190th pick / 2021
Justin Hilliard,LB,https://www.sports-reference.com/cfb/players/justin-hilliard-1.html,6-0,229,4.81,34.5,27,114,7.20,4.34,
Justin Hilliard,DB,https://www.sports-reference.com/cfb/players/nate-hobbs-1.html,5-11,196,4.48,40.5,17,135,6.85,4.17,
Darius Hodge,DL,https://www.sports-reference.com/cfb/players/darius-hodge-1.html,6-0,248,4.73,38.5,26,127,7.16,4.67,
Jevon Holland,S,https://www.sports-reference.com/cfb/players/jevon-holland-1.html,6-0,207,4.48,35.5,19,126,,4.14,Miami Dolphins / 2nd / 36th pick / 2021
Jaycee Horn,DB,https://www.sports-reference.com/cfb/players/jaycee-horn-1.html,6-0,205,4.39,41.5,19,133,,,Carolina Panthers / 1st / 8th pick / 2021
Jaycee Horn,DT,https://www.sports-reference.com/cfb/players/phil-hoskins-1.html,6-4,313,5.23,30.5,20,103,7.87,4.85,
Chuba Hubbard,RB,https://www.sports-reference.com/cfb/players/chuba-hubbard-1.html,6-0,210,4.48,36.0,20,120,7.24,4.26,Carolina Panthers / 4th / 126th pick / 2021
Wyatt Hubert,DE,https://www.sports-reference.com/cfb/players/wyatt-hubert-1.html,6-2,258,4.93,32.5,,110,7.03,4.28,Cincinnati Bengals / 7th / 235th pick / 2021
James Hudson,OL,https://www.sports-reference.com/cfb/players/james-hudson-1.html,6-4,313,5.27,28.5,22,98,8.05,4.79,Cleveland Browns / 4th / 110th pick / 2021
Talanoa Hufanga,S,https://www.sports-reference.com/cfb/players/talanoa-hufanga-1.html,,,4.65,,,,,,San Francisco 49ers / 5th / 180th pick / 2021
Talanoa Hufanga,LB,https://www.sports-reference.com/cfb/players/justin-hughes-2.html,6-0,227,5.02,28.5,24,104,7.37,4.84,
Creed Humphrey,OL,https://www.sports-reference.com/cfb/players/creed-humphrey-1.html,6-4,302,5.11,33.0,29,112,7.50,4.49,Kansas City Chiefs / 2nd / 63rd pick / 2021
Sadarius Hutcherson,OL,https://www.sports-reference.com/cfb/players/sadarius-hutcherson-1.html,,321,4.95,,36,,,,
Josh Imatorbhebhe,WR,https://www.sports-reference.com/cfb/players/josh-imatorbhebhe-1.html,6-0,218,4.53,46.5,24,134,7.10,4.38,
Alaric Jackson,OL,https://www.sports-reference.com/cfb/players/alaric-jackson-1.html,6-6,321,5.20,25.0,,103,7.70,,
Deon Jackson,RB,https://www.sports-reference.com/cfb/players/deon-jackson-1.html,5-11,218,4.41,36.0,18,123,7.15,4.37,
Drake Jackson,C,https://www.sports-reference.com/cfb/players/drake-jackson-1.html,6-1,293,,31.0,,,,,
Tarron Jackson,DE,https://www.sports-reference.com/cfb/players/tarron-jackson-1.html,6-2,254,4.68,29.0,25,118,7.45,4.51,Philadelphia Eagles / 6th / 191st pick / 2021
Warren Jackson,WR,https://www.sports-reference.com/cfb/players/warren-jackson-2.html,6-6,219,4.68,33.5,,123,7.81,4.53,
Jerry Jacobs,DB,https://www.sports-reference.com/cfb/players/jerry-jacobs-1.html,5-10,208,4.53,34.5,20,120,6.95,4.33,
Brenden Jaimes,OL,https://www.sports-reference.com/cfb/players/brenden-jaimes-1.html,6-5,298,,30.5,25,112,7.50,4.51,Los Angeles Chargers / 5th / 159th pick / 2021
Brenden Jaimes,DB,https://www.sports-reference.com/cfb/players/shemar-jean-charles-1.html,5-10,184,4.47,35.0,19,124,7.19,4.27,
Jermar Jefferson,RB,https://www.sports-reference.com/cfb/players/jermar-jefferson-1.html,5-10,206,4.57,31.0,13,115,7.38,4.38,Detroit Lions / 7th / 257th pick / 2021
Jermar Jefferson,RB,https://www.sports-reference.com/cfb/players/jermar-jefferson-1.html,5-10,206,4.57,31.0,13,115,7.38,4.38,Detroit Lions / 7th / 257th pick / 2021
Teven Jenkins,OL,https://www.sports-reference.com/cfb/players/teven-jenkins-1.html,6-5,317,5.01,32.5,36,106,7.72,4.66,Chicago Bears / 2nd / 39th pick / 2021
Teven Jenkins,OL,https://www.sports-reference.com/cfb/players/adam-jewell-1.html,6-2,289,5.37,27.5,,107,,,
Teven Jenkins,DL,https://www.sports-reference.com/cfb/players/sterling-johnson-1.html,6-3,288,5.22,28.0,25,103,7.56,4.81,
Teven Jenkins,DL,https://www.sports-reference.com/cfb/players/jerome-johnson-3.html,6-2,296,5.12,27.5,21,113,7.70,4.66,
Jamar Johnson,DB,https://www.sports-reference.com/cfb/players/jamar-johnson-1.html,6-2,205,4.58,35.0,17,122,7.22,4.41,Denver Broncos / 5th / 164th pick / 2021
Josh Johnson,RB,https://www.sports-reference.com/cfb/players/josh-johnson-8.html,5-8,209,4.61,35.5,22,115,7.16,4.40,
Johnathon Johnson,WR,https://www.sports-reference.com/cfb/players/johnathon-johnson-2.html,,,,,,,,,
Mustafa Johnson,DE,https://www.sports-reference.com/cfb/players/mustafa-johnson-2.html,6-0,280,,29.0,27,103,7.18,4.51,
Patrick Johnson,DE,https://www.sports-reference.com/cfb/players/patrick-johnson-4.html,6-6,240,4.59,35.0,16,119,6.97,4.41,Philadelphia Eagles / 7th / 234th pick / 2021
Zeandae Johnson,DE,https://www.sports-reference.com/cfb/players/zeandae-johnson-1.html,6-3,270,4.89,27.5,22,108,,,
Zeandae Johnson,RB,https://www.sports-reference.com/cfb/players/jamal-jones-4.html,5-6,198,4.67,28.0,23,112,7.39,4.65,
Ernest Jones,LB,https://www.sports-reference.com/cfb/players/ernest-jones-3.html,6-1,230,4.65,38.5,,,,,Los Angeles Rams / 3rd / 103rd pick / 2021
Mac Jones,QB,https://www.sports-reference.com/cfb/players/mac-jones-1.html,6-2,217,4.72,32.0,,116,7.04,4.39,New England Patriots / 1st / 15th pick / 2021
Naquan Jones,DT,https://www.sports-reference.com/cfb/players/naquan-jones-1.html,6-3,313,5.42,25.0,20,100,,4.90,
Patrick Jones,DL,https://www.sports-reference.com/cfb/players/patrick-jones-ii-1.html,6-4,261,4.85,31.5,22,107,,,Minnesota Vikings / 3rd / 90th pick / 2021
Robert Jones,OL,https://www.sports-reference.com/cfb/players/robert-jones-8.html,6-4,319,5.36,,,,,,
Brevin Jordan,TE,https://www.sports-reference.com/cfb/players/brevin-jordan-1.html,6-2,247,4.64,31.0,17,116,,,Houston Texans / 5th / 147th pick / 2021
Kelvin Joseph,DB,https://www.sports-reference.com/cfb/players/kelvin-joseph-1.html,5-11,197,4.34,35.0,,128,7.21,4.22,Dallas Cowboys / 2nd / 44th pick / 2021
Kelvin Joseph,WR,https://www.sports-reference.com/cfb/players/terrace-marshall-jr-1.html,6-2,205,4.40,39.0,19,125,,,
Kelvin Joseph,DB,https://www.sports-reference.com/cfb/players/asante-samuel-jr-1.html,5-10,180,4.45,35.0,12,124,6.95,4.13,
Kelvin Joseph,CB,https://www.sports-reference.com/cfb/players/thomas-graham-jr-1.html,5-10,192,4.49,34.5,13,121,7.08,4.21,
Kary Vincent Jr.,CB,https://www.sports-reference.com/cfb/players/kary-vincent-jr-1.html,5-9,185,4.36,35.5,8,117,,,Denver Broncos / 7th / 237th pick / 2021
Kary Vincent Jr.,TE,https://www.sports-reference.com/cfb/players/hunter-kampmoyer-1.html,6-4,243,4.83,31.0,21,113,7.28,4.54,
Kary Vincent Jr.,DL,https://www.sports-reference.com/cfb/players/xavier-kelly-2.html,6-4,306,5.17,27.0,27,99,,,
Kary Vincent Jr.,K,https://www.sports-reference.com/cfb/players/alex-kessman-1.html,6-2,189,,,,,,,
Kary Vincent Jr.,DB,https://www.sports-reference.com/cfb/players/devon-key-1.html,5-11,208,4.56,38.0,20,123,7.13,4.15,
Cameron Kinley,CB,https://www.sports-reference.com/cfb/players/cameron-kinley-1.html,6-0,197,4.52,33.0,10,116,7.06,4.25,
Cameron Kinley,LS,https://www.sports-reference.com/cfb/players/logan-klusman-1.html,6-0,235,5.16,31.5,,110,7.65,4.65,
Brenden Knox,RB,https://www.sports-reference.com/cfb/players/brenden-knox-1.html,5-10,215,4.67,35.0,23,112,7.19,4.39,
Brenden Knox,OL,https://www.sports-reference.com/cfb/players/ben-knutson-1.html,6-7,301,5.27,24.0,12,99,8.01,4.85,
Malcolm Koonce,DE,https://www.sports-reference.com/cfb/players/malcolm-koonce-1.html,6-2,249,,,,,,,Las Vegas Raiders / 3rd / 79th pick / 2021
Tommy Kraemer,OL,https://www.sports-reference.com/cfb/players/tommy-kraemer-1.html,6-5,309,,,,,,,
Tommy Kraemer,WR,https://www.sports-reference.com/cfb/players/adam-krumholz-1.html,6-0,193,4.60,35.5,11,118,7.03,4.28,
Tommy Kraemer,TE,https://www.sports-reference.com/cfb/players/bruno-labelle-1.html,6-4,247,4.73,36.0,19,123,7.36,4.43,
Trey Lance,QB,https://www.sports-reference.com/cfb/players/trey-lance-1.html,6-3,224,,,,,,,San Francisco 49ers / 1st / 3rd pick / 2021
Cole Van Lanen,OL,https://www.sports-reference.com/cfb/players/cole-van-lanen-1.html,6-4,305,5.11,30.0,22,107,7.34,4.64,Green Bay Packers / 6th / 214th pick / 2021
Cole Van Lanen,OL,https://www.sports-reference.com/cfb/players/nolan-laufenberg-1.html,6-4,312,5.34,29.5,,105,7.70,4.77,
Trevor Lawrence,QB,https://www.sports-reference.com/cfb/players/trevor-lawrence-1.html,6-5,213,,,,,,,Jacksonville Jaguars / 1st / 1st pick / 2021
Alex Leatherwood,OL,https://www.sports-reference.com/cfb/players/alex-leatherwood-1.html,6-5,312,4.96,34.5,,118,,,Las Vegas Raiders / 1st / 17th pick / 2021
Richard LeCounte,DB,https://www.sports-reference.com/cfb/players/richard-lecounte-iii-1.html,5-10,196,4.79,32.5,,128,7.44,4.49,Cleveland Browns / 5th / 169th pick / 2021
Richard LeCounte,WR,https://www.sports-reference.com/cfb/players/riley-lees-1.html,5-11,192,4.47,35.0,7,119,6.78,4.16,
Deommodore Lenoir,CB,https://www.sports-reference.com/cfb/players/deommodore-lenoir-1.html,5-10,199,4.48,34.5,15,121,7.02,4.35,San Francisco 49ers / 5th / 172nd pick / 2021
Walker Little,OT,https://www.sports-reference.com/cfb/players/walker-little-1.html,6-7,313,5.30,29.5,24,111,7.44,4.59,Jacksonville Jaguars / 2nd / 45th pick / 2021
Walker Little,DL,https://www.sports-reference.com/cfb/players/jeremiah-littles-1.html,6-0,278,5.15,26.0,17,98,7.90,4.87,
Walker Little,DL,https://www.sports-reference.com/cfb/players/roy-lopez-1.html,6-1,304,5.19,31.0,36,105,7.39,4.51,
Isaiahh Loudermilk,DE,https://www.sports-reference.com/cfb/players/isaiahh-loudermilk-1.html,6-6,274,5.08,28.5,21,112,7.52,4.55,Pittsburgh Steelers / 5th / 156th pick / 2021
Isaiahh Loudermilk,K,https://www.sports-reference.com/cfb/players/blake-lynch-2.html,5-4,144,,,,,,,
Isaiahh Loudermilk,TE,https://www.sports-reference.com/cfb/players/artayvious-lynn-1.html,6-4,271,,,,,,,
Branden Mack,WR,https://www.sports-reference.com/cfb/players/branden-mack-1.html,6-5,217,4.66,31.0,11,115,7.13,4.37,
CJ Marable,RB,https://www.sports-reference.com/cfb/players/torrance-marable-1.html,5-6,195,4.59,36.0,17,116,7.25,4.39,
CJ Marable,RB,https://www.sports-reference.com/cfb/players/torrance-marable-1.html,5-6,195,4.59,36.0,17,116,7.25,4.39,
CJ Marable,DL,https://www.sports-reference.com/cfb/players/jonathan-marshall-1.html,6-3,310,4.88,32.0,36,114,,,
CJ Marable,TE,https://www.sports-reference.com/cfb/players/ben-mason-1.html,6-2,246,4.73,37.5,29,117,6.96,4.42,
Mac McCain,DB,https://www.sports-reference.com/cfb/players/ben-mason-1.html,5-11,186,4.45,35.5,13,123,6.94,4.12,
Mac McCain,WR,https://www.sports-reference.com/cfb/players/khalil-mcclain-1.html,6-2,214,4.70,32.0,15,114,7.72,4.50,
Mac McCain,DB,https://www.sports-reference.com/cfb/players/jaylon-mcclain-sapp-1.html,5-9,183,4.49,41.0,14,125,7.21,4.46,
Mac McCain,CB,https://www.sports-reference.com/cfb/players/nick-mccloud-1.html,6-0,193,4.45,34.0,12,,6.88,4.16,
Mac McCain,RB,https://www.sports-reference.com/cfb/players/sandon-mccoy-1.html,5-10,215,4.78,32.0,18,114,7.47,4.56,
Greg McCrae,RB,https://www.sports-reference.com/cfb/players/greg-mccrae-1.html,5-9,182,4.57,37.5,,124,6.89,4.34,
Tre' McKitty,TE,https://www.sports-reference.com/cfb/players/tre-mckitty-1.html,6-4,247,,,,,,,Los Angeles Chargers / 3rd / 97th pick / 2021
Romeo McKnight,DE,https://www.sports-reference.com/cfb/players/romeo-mcknight-1.html,6-4,252,4.98,38.0,,118,7.06,4.20,
Isaiah McKoy,WR,https://www.sports-reference.com/cfb/players/isaiah-mckoy-1.html,6-2,200,4.68,29.5,12,114,7.09,4.36,
Racey McMath,WR,https://www.sports-reference.com/cfb/players/racey-mcmath-1.html,6-2,217,4.36,34.0,,124,7.38,4.38,Tennessee Titans / 6th / 205th pick / 2021
Racey McMath,LB,https://www.sports-reference.com/cfb/players/joshua-mcmillon-1.html,,,,,,,,,
Racey McMath,DB,https://www.sports-reference.com/cfb/players/zech-mcphearson-1.html,5-10,191,4.48,40.5,14,130,6.88,4.00,
Racey McMath,K,https://www.sports-reference.com/cfb/players/evan-mcpherson-1.html,5-11,185,,,,,,,
Racey McMath,DB,https://www.sports-reference.com/cfb/players/trae-meadows-1.html,6-0,183,4.65,29.0,6,118,7.30,4.39,
Quinn Meinerz,OL,https://www.sports-reference.com/cfb/players/trae-meadows-1.html,6-2,320,4.99,32.0,,111,7.54,4.58,Denver Broncos / 3rd / 98th pick / 2021
Ifeatu Melifonwu,DB,https://www.sports-reference.com/cfb/players/ifeatu-melifonwu-1.html,6-2,205,4.48,41.5,16,134,7.01,4.34,Detroit Lions / 3rd / 101st pick / 2021
Ifeatu Melifonwu,OL,https://www.sports-reference.com/cfb/players/jordan-meredith-1.html,6-2,302,5.11,32.0,25,109,7.41,4.62,
Forrest Merrill,DL,https://www.sports-reference.com/cfb/players/forrest-merrill-1.html,6-0,322,5.27,26.5,36,101,8.24,4.81,
Forrest Merrill,LS,https://www.sports-reference.com/cfb/players/scott-meyer-1.html,6-1,237,,,,102,7.54,4.65,
Davis Mills,QB,https://www.sports-reference.com/cfb/players/davis-mills-1.html,6-3,217,4.82,32.0,,110,6.95,4.40,Houston Texans / 3rd / 67th pick / 2021
Dedrick Mills,RB,https://www.sports-reference.com/cfb/players/dedrick-mills-1.html,5-9,217,4.65,32.5,13,117,7.06,4.35,
Dax Milne,WR,https://www.sports-reference.com/cfb/players/dax-milne-1.html,,,4.54,31.0,14,114,,4.19,Washington Football Team / 7th / 258th pick / 2021
Dax Milne,LB,https://www.sports-reference.com/cfb/players/andre-mintze-1.html,6-2,253,4.59,,18,119,,,
Elijah Mitchell,RB,https://www.sports-reference.com/cfb/players/elijah-mitchell-2.html,5-10,201,4.38,37.5,17,128,6.94,4.19,San Francisco 49ers / 6th / 194th pick / 2021
Trevon Moehrig,S,https://www.sports-reference.com/cfb/players/trevon-moehrig-woodard-1.html,,,4.50,33.0,,,,4.19,Las Vegas Raiders / 2nd / 43rd pick / 2021
Elijah Molden,DB,https://www.sports-reference.com/cfb/players/elijah-molden-1.html,5-9,192,4.62,36.5,13,125,,,Tennessee Titans / 3rd / 100th pick / 2021
Elijah Molden,TE,https://www.sports-reference.com/cfb/players/briley-moore-1.html,6-4,240,4.66,37.5,26,123,7.24,4.37,
Elijah Molden,OT,https://www.sports-reference.com/cfb/players/jaylon-moore-1.html,6-4,311,5.25,30.0,27,106,7.77,4.67,
Elijah Molden,QB,https://www.sports-reference.com/cfb/players/david-moore-5.html,6-0,200,4.86,29.5,,112,7.62,4.75,
Elijah Moore,WR,https://www.sports-reference.com/cfb/players/elijah-moore-1.html,,,4.35,36.0,17,121,6.63,4.07,New York Jets / 2nd / 34th pick / 2021
Rondale Moore,WR,https://www.sports-reference.com/cfb/players/rondale-moore-1.html,5-7,180,4.28,42.5,,,6.65,4.06,Arizona Cardinals / 2nd / 49th pick / 2021
Rondale Moore,TE,https://www.sports-reference.com/cfb/players/quintin-morris-1.html,6-2,243,4.60,34.0,22,119,7.12,4.55,
Jimmy Morrissey,OL,https://www.sports-reference.com/cfb/players/jimmy-morrissey-1.html,6-3,303,5.31,31.0,26,105,7.39,4.47,Las Vegas Raiders / 7th / 230th pick / 2021
Jimmy Morrissey,DB,https://www.sports-reference.com/cfb/players/ej-muhammad-1.html,5-10,184,4.72,31.0,,116,7.35,4.40,
Israel Mukuamu,DB,https://www.sports-reference.com/cfb/players/israel-mukuamu-1.html,,,,36.0,34,,,,Dallas Cowboys / 6th / 227th pick / 2021
Josh Myers,C,https://www.sports-reference.com/cfb/players/josh-myers-1.html,6-5,310,,,29,,,,Green Bay Packers / 2nd / 62nd pick / 2021
Josh Myers,WR,https://www.sports-reference.com/cfb/players/jonathan-nance-1.html,,,,,,,,,
Hamsah Nasirildeen,DB,https://www.sports-reference.com/cfb/players/hamsah-nasirildeen-1.html,6-3,215,,32.0,17,,7.05,4.31,New York Jets / 6th / 186th pick / 2021
Lorenzo Neal,DT,https://www.sports-reference.com/cfb/players/lorenzo-neal-2.html,,318,5.59,,27,,,,
Lorenzo Neal,OL,https://www.sports-reference.com/cfb/players/ryan-neuzil-1.html,6-2,301,5.09,29.0,30,102,7.41,4.53,
Lorenzo Neal,OL,https://www.sports-reference.com/cfb/players/royce-newman-1.html,6-5,310,5.14,28.0,23,104,7.91,4.75,
Jamie Newman,QB,https://www.sports-reference.com/cfb/players/jamie-newman-1.html,6-2,234,,,,,,,
Dazz Newsome,WR,https://www.sports-reference.com/cfb/players/dazz-newsome-1.html,5-10,190,4.59,34.0,12,121,7.38,4.38,Chicago Bears / 6th / 221st pick / 2021
Greg Newsome,DB,https://www.sports-reference.com/cfb/players/greg-newsome-ii-1.html,6-0,192,4.39,40.0,18,123,6.90,4.26,Cleveland Browns / 1st / 26th pick / 2021
Greg Newsome,LB,https://www.sports-reference.com/cfb/players/nick-niemann-1.html,6-3,234,4.45,33.5,,121,6.67,4.14,
Daviyon Nixon,DT,https://www.sports-reference.com/cfb/players/daviyon-nixon-1.html,6-3,313,4.90,28.5,,106,7.68,4.70,Carolina Panthers / 5th / 158th pick / 2021
Tre Nixon,WR,https://www.sports-reference.com/cfb/players/tre-nixon-1.html,6-0,187,4.44,35.5,18,125,6.81,4.27,New England Patriots / 7th / 242nd pick / 2021
Tre Norwood,DB,https://www.sports-reference.com/cfb/players/tre-norwood-1.html,5-11,192,4.58,33.5,12,123,7.65,4.45,Pittsburgh Steelers / 7th / 245th pick / 2021
Tre Norwood,DB,https://www.sports-reference.com/cfb/players/tre-norwood-1.html,5-11,192,4.58,33.5,12,123,7.65,4.45,Pittsburgh Steelers / 7th / 245th pick / 2021
Antonio Nunn,WR,https://www.sports-reference.com/cfb/players/antonio-nunn-1.html,5-11,204,4.50,33.5,15,120,7.12,4.32,
Dayo Odeyingbo,DL,https://www.sports-reference.com/cfb/players/dayo-odeyingbo-1.html,6-5,276,,,,,,,Indianapolis Colts / 2nd / 54th pick / 2021
Dayo Odeyingbo,DB,https://www.sports-reference.com/cfb/players/nick-oelrich-1.html,6-0,203,4.68,33.5,13,117,7.28,4.40,
Amen Ogbongbemiga,LB,https://www.sports-reference.com/cfb/players/amen-ogbongbemiga-1.html,6-0,231,4.66,32.0,24,112,7.32,4.28,
Adetokunbo Ogundeji,DL,https://www.sports-reference.com/cfb/players/adetokunbo-ogundeji-1.html,6-4,260,4.75,32.0,22,120,7.17,4.64,Atlanta Falcons / 5th / 182nd pick / 2021
Azeez Ojulari,OLB,https://www.sports-reference.com/cfb/players/azeez-ojulari-1.html,6-2,249,4.63,30.0,26,127,7.27,4.34,New York Giants / 2nd / 50th pick / 2021
Levi Onwuzurike,DL,https://www.sports-reference.com/cfb/players/levi-onwuzurike-1.html,6-2,290,4.89,30.0,29,109,,,Detroit Lions / 2nd / 41st pick / 2021
Joseph Ossai,LB,https://www.sports-reference.com/cfb/players/joseph-ossai-1.html,6-3,256,4.63,41.5,19,131,,,Cincinnati Bengals / 3rd / 69th pick / 2021
Jayson Oweh,DE,https://www.sports-reference.com/cfb/players/jayson-oweh-1.html,6-5,257,4.36,39.5,21,134,6.83,4.21,Baltimore Ravens / 1st / 31st pick / 2021
Jeremiah Owusu-Koramoah,LB,https://www.sports-reference.com/cfb/players/jeremiah-owusu-koramoah-1.html,6-1,221,,36.5,,124,6.80,4.15,Cleveland Browns / 2nd / 52nd pick / 2021
Jeremiah Owusu-Koramoah,DB,https://www.sports-reference.com/cfb/players/jr-pace-1.html,6-1,205,4.72,35.5,12,120,6.94,4.24,
AJ Parker,DB,https://www.sports-reference.com/cfb/players/aj-parker-1.html,5-11,182,4.53,33.5,10,117,7.02,4.37,
Micah Parsons,LB,https://www.sports-reference.com/cfb/players/micah-parsons-1.html,6-3,246,4.39,34.0,19,126,6.89,4.40,Dallas Cowboys / 1st / 12th pick / 2021
Micah Parsons,OL,https://www.sports-reference.com/cfb/players/jarrett-patterson-1.html,5-6,195,4.52,,,,,,
Micah Parsons,K,https://www.sports-reference.com/cfb/players/riley-patterson-1.html,5-10,181,,,,,,,
Jaret Patterson,RB,https://www.sports-reference.com/cfb/players/jaret-patterson-1.html,5-6,195,4.59,30.0,19,117,7.03,4.35,
Kwity Paye,DL,https://www.sports-reference.com/cfb/players/kwity-paye-1.html,6-2,261,4.52,35.3,36,118,,,Indianapolis Colts / 1st / 21st pick / 2021
Kwity Paye,TE,https://www.sports-reference.com/cfb/players/josh-pederson-1.html,6-4,234,4.81,28.5,19,110,7.31,4.43,
Ronnie Perkins,DE,https://www.sports-reference.com/cfb/players/ronnie-perkins-1.html,6-2,253,4.71,32.0,25,115,,4.69,New England Patriots / 3rd / 96th pick / 2021
Ronnie Perkins,DB,https://www.sports-reference.com/cfb/players/jordyn-peters-1.html,6-0,202,4.70,39.5,7,124,7.14,4.47,
Jaelan Phillips,DL,https://www.sports-reference.com/cfb/players/jaelan-phillips-1.html,6-5,260,4.56,36.0,21,125,,,Miami Dolphins / 1st / 18th pick / 2021
Whop Philyor,WR,https://www.sports-reference.com/cfb/players/whop-philyor-1.html,5-9,184,4.57,31.0,14,120,7.20,4.34,
Nick Pickett,S,https://www.sports-reference.com/cfb/players/nick-pickett-1.html,6-0,201,4.65,35.5,18,119,7.40,4.43,
Nick Pickett,DB,https://www.sports-reference.com/cfb/players/jason-pinnock-1.html,6-0,204,4.49,39.5,15,128,6.90,4.10,
Kyle Pitts,TE,https://www.sports-reference.com/cfb/players/kyle-pitts-1.html,6-5,245,4.44,33.5,22,129,7.12,4.30,Atlanta Falcons / 1st / 4th pick / 2021
Kyle Pitts,LS,https://www.sports-reference.com/cfb/players/kyle-poland-1.html,6-1,237,4.97,32.5,12,111,7.47,4.50,
Kyle Pitts,DT,https://www.sports-reference.com/cfb/players/elijah-ponder-1.html,6-1,268,5.06,30.0,27,101,7.45,4.53,
Cornell Powell,WR,https://www.sports-reference.com/cfb/players/cornell-powell-1.html,6-0,204,4.53,36.5,16,128,7.03,4.21,Kansas City Chiefs / 5th / 181st pick / 2021
Blake Proehl,WR,https://www.sports-reference.com/cfb/players/blake-proehl-1.html,6-1,186,4.47,36.0,12,126,7.00,4.06,
Dillon Radunz,OT,https://www.sports-reference.com/cfb/players/blake-proehl-1.html,6-5,301,5.16,32.0,24,112,7.27,4.57,Tennessee Titans / 2nd / 53rd pick / 2021
Trey Ragas,RB,https://www.sports-reference.com/cfb/players/blake-proehl-1.html,5-10,214,4.60,33.5,23,117,7.19,4.50,
Trey Ragas,TE,https://www.sports-reference.com/cfb/players/john-raine-1.html,6-1,231,5.05,31.0,15,107,7.32,4.54,
Peyton Ramsey,QB,https://www.sports-reference.com/cfb/players/peyton-ramsey-1.html,6-1,215,4.77,28.0,,108,7.28,4.41,
Hamilcar Rashed,OLB,https://www.sports-reference.com/cfb/players/hamilcar-rashed-jr-1.html,6-2,251,4.58,35.5,25,128,7.51,4.44,
Hamilcar Rashed,LB,https://www.sports-reference.com/cfb/players/jon-rhattigan-1.html,6-0,236,4.77,32.0,22,111,7.41,4.30,
Monty Rice,LB,https://www.sports-reference.com/cfb/players/monty-rice-2.html,6-0,233,4.58,32.0,,121,7.34,4.33,Tennessee Titans / 3rd / 92nd pick / 2021
Monty Rice,LB,https://www.sports-reference.com/cfb/players/curtis-robinson-1.html,6-3,236,4.60,37.5,22,117,7.00,4.26,
Aaron Robinson,DB,https://www.sports-reference.com/cfb/players/aaron-robinson-2.html,5-11,186,4.39,37.0,15,123,6.89,4.29,New York Giants / 3rd / 71st pick / 2021
Quincy Roche,DL,https://www.sports-reference.com/cfb/players/quincy-roche-1.html,,,,32.5,23,119,,,Pittsburgh Steelers / 6th / 216th pick / 2021
Robert Rochell,DB,https://www.sports-reference.com/cfb/players/quincy-roche-1.html,5-11,193,4.41,43.0,9,133,6.84,4.08,Los Angeles Rams / 4th / 130th pick / 2021
Amari Rodgers,WR,https://www.sports-reference.com/cfb/players/amari-rodgers-1.html,5-9,212,4.52,33.0,19,121,7.07,4.31,Green Bay Packers / 3rd / 85th pick / 2021
Asim Rose,RB,https://www.sports-reference.com/cfb/players/asim-rose-1.html,6-1,215,4.51,34.0,24,120,7.25,4.62,
Asim Rose,P,https://www.sports-reference.com/cfb/players/zach-von-rosenberg-1.html,6-4,235,,,,,,,
Larry Rountree,RB,https://www.sports-reference.com/cfb/players/larry-rountree-iii-1.html,,,4.62,30.0,,,6.96,,Los Angeles Chargers / 6th / 198th pick / 2021
Gregory Rousseau,DL,https://www.sports-reference.com/cfb/players/gregory-rousseau-1.html,6-6,266,4.68,30.0,21,115,,,Buffalo Bills / 1st / 30th pick / 2021
Gregory Rousseau,DB,https://www.sports-reference.com/cfb/players/dionte-ruffin-1.html,5-10,180,4.54,36.5,8,127,7.05,4.27,
Chris Rumph,DE,https://www.sports-reference.com/cfb/players/chris-rumph-ii-1.html,6-2,244,,,18,,,,Los Angeles Chargers / 4th / 118th pick / 2021
Chris Rumph,DB,https://www.sports-reference.com/cfb/players/kj-sails-1.html,5-10,177,4.67,32.5,9,114,7.08,4.44,
Chris Rumph,OL,https://www.sports-reference.com/cfb/players/teton-saltes-1.html,6-4,300,5.04,30.5,22,105,7.76,4.64,
Chris Rumph,DE,https://www.sports-reference.com/cfb/players/cameron-sample-1.html,6-2,267,4.72,37.0,23,116,7.39,4.48,
Chris Rumph,DE,https://www.sports-reference.com/cfb/players/cameron-sample-1.html,6-2,267,4.72,37.0,23,116,7.39,4.48,
Chris Rumph,OL,https://www.sports-reference.com/cfb/players/foster-sarell-1.html,6-6,318,5.54,27.0,26,97,7.63,4.69,
Mekhi Sargent,RB,https://www.sports-reference.com/cfb/players/mekhi-sargent-1.html,5-8,208,4.62,33.5,,114,7.08,4.39,
Mekhi Sargent,DE,https://www.sports-reference.com/cfb/players/thomas-schaffer-1.html,6-6,302,,,23,,,,
Mekhi Sargent,OL,https://www.sports-reference.com/cfb/players/ry-schneider-1.html,6-2,312,5.67,23.5,26,85,8.51,5.37,
Anthony Schwartz,WR,https://www.sports-reference.com/cfb/players/anthony-schwartz-1.html,6-0,186,4.27,32.0,,123,7.13,4.25,Cleveland Browns / 3rd / 91st pick / 2021
Jordon Scott,DT,https://www.sports-reference.com/cfb/players/jordon-scott-1.html,6-0,311,,,23,,,,
Stevie Scott,RB,https://www.sports-reference.com/cfb/players/stevie-scott-1.html,6-0,225,4.66,31.0,18,119,7.14,4.57,
Trey Sermon,RB,https://www.sports-reference.com/cfb/players/trey-sermon-1.html,6-0,215,4.57,37.0,,125,6.83,4.28,San Francisco 49ers / 3rd / 88th pick / 2021
Penei Sewell,OL,https://www.sports-reference.com/cfb/players/penei-sewell-1.html,6-4,331,5.13,28.0,30,109,7.76,4.68,Detroit Lions / 1st / 7th pick / 2021
Tyler Shelvin,DT,https://www.sports-reference.com/cfb/players/tyler-shelvin-1.html,6-2,350,5.40,28.5,,97,8.15,5.05,Cincinnati Bengals / 4th / 122nd pick / 2021
William Sherman,OL,https://www.sports-reference.com/cfb/players/william-sherman-1.html,6-3,304,5.19,26.0,23,108,7.71,4.82,New England Patriots / 6th / 197th pick / 2021
Jamien Sherwood,DB,https://www.sports-reference.com/cfb/players/jamien-sherwood-1.html,6-1,216,4.76,36.0,15,123,7.15,4.36,New York Jets / 5th / 146th pick / 2021
Jamien Sherwood,OL,https://www.sports-reference.com/cfb/players/jacob-shoemaker-1.html,6-3,319,5.49,24.0,20,93,8.20,5.02,
Jamien Sherwood,DT,https://www.sports-reference.com/cfb/players/george-silvanic-1.html,6-5,286,5.21,29.5,,105,7.50,4.60,
Antjuan Simmons,LB,https://www.sports-reference.com/cfb/players/antjuan-simmons-1.html,5-11,218,4.80,,,,,,
Antjuan Simmons,WR,https://www.sports-reference.com/cfb/players/ben-skowronek-1.html,6-2,220,,,13,,,,
Rashawn Slater,OL,https://www.sports-reference.com/cfb/players/rashawn-slater-1.html,6-4,304,4.91,33.0,33,112,7.48,4.45,Los Angeles Chargers / 1st / 13th pick / 2021
Tedarrell Slaton,DL,https://www.sports-reference.com/cfb/players/tedarrell-slaton-1.html,6-4,330,5.09,29.0,27,109,7.91,4.81,Green Bay Packers / 5th / 173rd pick / 2021
Tedarrell Slaton,LB,https://www.sports-reference.com/cfb/players/trystan-slinker-1.html,5-10,234,4.84,30.5,20,119,7.59,4.63,
Tedarrell Slaton,LB,https://www.sports-reference.com/cfb/players/shaq-smith-1.html,6-2,237,4.79,30.0,22,110,7.34,4.30,
Tedarrell Slaton,OL,https://www.sports-reference.com/cfb/players/dante-smith-1.html,6-5,305,5.29,29.0,24,113,7.96,4.81,
Tedarrell Slaton,LB,https://www.sports-reference.com/cfb/players/dante-smith-3.html,6-5,305,5.29,29.0,24,113,7.96,4.81,
Brandon Smith,WR,https://www.sports-reference.com/cfb/players/brandon-smith-11.html,6-1,218,4.62,39.5,,130,,,
Elerson Smith,DL,https://www.sports-reference.com/cfb/players/brandon-smith-11.html,,,4.71,41.5,26,127,7.00,4.39,New York Giants / 4th / 116th pick / 2021
Jordan Smith,OLB,https://www.sports-reference.com/cfb/players/jordan-smith-5.html,6-5,264,4.80,33.0,16,117,,,Jacksonville Jaguars / 4th / 121st pick / 2021
Zach Smith,QB,https://www.sports-reference.com/cfb/players/zach-smith-6.html,6-3,222,5.23,29.5,,111,7.26,4.52,
Ihmir Smith-Marsette,WR,https://www.sports-reference.com/cfb/players/ihmir-smith-marsette-1.html,6-0,181,4.43,37.0,,124,7.00,4.20,Minnesota Vikings / 5th / 157th pick / 2021
Benjamin St-Juste,DB,https://www.sports-reference.com/cfb/players/benjamin-st-juste-1.html,6-3,202,4.51,34.5,11,119,6.63,3.96,Washington Football Team / 3rd / 74th pick / 2021
Caden Sterns,DB,https://www.sports-reference.com/cfb/players/caden-sterns-1.html,5-11,202,4.41,42.0,14,128,6.96,4.13,Denver Broncos / 5th / 152nd pick / 2021
Jacoby Stevens,S,https://www.sports-reference.com/cfb/players/jacoby-stevens-1.html,6-1,212,4.63,42.0,,130,,,Philadelphia Eagles / 6th / 224th pick / 2021
Marquez Stevenson,WR,https://www.sports-reference.com/cfb/players/marquez-stevenson-1.html,5-10,180,4.48,33.0,,122,6.76,4.14,Buffalo Bills / 6th / 203rd pick / 2021
Rhamondre Stevenson,RB,https://www.sports-reference.com/cfb/players/rhamondre-stevenson-1.html,5-11,231,4.64,31.5,15,112,7.09,4.15,New England Patriots / 4th / 120th pick / 2021
Brad Stewart,DB,https://www.sports-reference.com/cfb/players/brad-stewart-3.html,6-0,195,4.59,33.5,11,126,,4.44,
Darius Stills,DL,https://www.sports-reference.com/cfb/players/darius-stills-1.html,6-0,278,4.98,32.5,23,110,7.18,4.49,
Darius Stills,DB,https://www.sports-reference.com/cfb/players/donovan-stiner-1.html,6-1,205,4.56,34.5,15,127,7.08,4.30,
Eric Stokes,DB,https://www.sports-reference.com/cfb/players/eric-stokes-2.html,6-0,194,4.31,38.5,14,128,6.96,4.36,Green Bay Packers / 1st / 29th pick / 2021
Eric Stokes,FB,https://www.sports-reference.com/cfb/players/mason-stokke-1.html,6-2,242,4.96,30.5,22,112,7.20,4.34,
Jack Stoll,TE,https://www.sports-reference.com/cfb/players/jack-stoll-1.html,6-3,247,4.60,31.5,16,119,6.86,4.32,
Dillon Stoner,WR,https://www.sports-reference.com/cfb/players/dillon-stoner-1.html,6-0,194,4.51,37.0,16,123,6.96,4.13,
Eli Stove,WR,https://www.sports-reference.com/cfb/players/eli-stove-1.html,5-11,194,4.54,30.5,14,119,7.34,4.40,
Eli Stove,CB,https://www.sports-reference.com/cfb/players/corey-straughter-1.html,5-10,184,4.62,35.0,11,117,7.37,4.58,
Eli Stove,LB,https://www.sports-reference.com/cfb/players/elijah-sullivan-1.html,6-0,214,4.69,,13,115,7.12,4.31,
Chazz Surratt,LB,https://www.sports-reference.com/cfb/players/chazz-surratt-1.html,6-2,229,4.58,31.0,25,,7.02,4.16,Minnesota Vikings / 3rd / 78th pick / 2021
Sage Surratt,WR,https://www.sports-reference.com/cfb/players/sage-surratt-1.html,6-2,209,4.66,,18,,,4.25,
Patrick Surtain,DB,https://www.sports-reference.com/cfb/players/patrick-surtain-ii-1.html,6-2,208,4.42,39.0,18,131,,,Denver Broncos / 1st / 9th pick / 2021
Patrick Surtain,DL,https://www.sports-reference.com/cfb/players/jovan-swann-1.html,6-2,291,4.90,30.5,34,109,7.74,4.75,
Patrick Surtain,OL,https://www.sports-reference.com/cfb/players/tim-tanner-blair-1.html,6-3,288,5.59,21.0,32,93,8.06,4.95,
Keith Taylor,DB,https://www.sports-reference.com/cfb/players/keith-taylor-3.html,6-2,187,4.54,33.5,12,127,6.85,4.26,Carolina Panthers / 5th / 166th pick / 2021
Tamorrion Terry,WR,https://www.sports-reference.com/cfb/players/tamorrion-terry-1.html,6-2,207,4.44,32.5,15,126,7.00,4.53,
Tamorrion Terry,DB,https://www.sports-reference.com/cfb/players/kiondre-thomas-1.html,5-11,186,4.44,37.5,10,122,6.94,4.35,
Tamorrion Terry,DB,https://www.sports-reference.com/cfb/players/kiondre-thomas-1.html,5-11,186,4.44,37.5,10,122,6.94,4.35,
Ambry Thomas,DB,https://www.sports-reference.com/cfb/players/ambry-thomas-1.html,5-11,191,4.37,38.0,15,122,,,San Francisco 49ers / 3rd / 102nd pick / 2021
Zac Thomas,QB,https://www.sports-reference.com/cfb/players/zac-thomas-2.html,6-0,205,4.59,30.0,,115,7.06,4.28,
Tyree Thompson,LB,https://www.sports-reference.com/cfb/players/tyree-thompson-1.html,6-1,229,5.00,31.0,18,109,7.87,4.96,
Kevin Thomson,QB,https://www.sports-reference.com/cfb/players/kevin-thomson-1.html,6-0,198,4.75,35.5,21,126,6.98,4.23,
Tommy Togiai,DT,https://www.sports-reference.com/cfb/players/tommy-togiai-1.html,6-1,296,4.97,32.0,40,105,7.20,4.49,Cleveland Browns / 4th / 132nd pick / 2021
Tommy Togiai,K,https://www.sports-reference.com/cfb/players/jet-toner-1.html,6-2,204,,,,,,,
Kadarius Toney,WR,https://www.sports-reference.com/cfb/players/kadarius-toney-1.html,5-11,193,4.39,39.5,9,136,6.88,4.25,New York Giants / 1st / 20th pick / 2021
Shaka Toney,DE,https://www.sports-reference.com/cfb/players/shaka-toney-1.html,6-2,242,4.51,39.0,24,128,6.95,4.28,Washington Football Team / 7th / 246th pick / 2021
Khyiris Tonga,DL,https://www.sports-reference.com/cfb/players/khyiris-tonga-1.html,,,,,35,,,,Chicago Bears / 7th / 250th pick / 2021
Kyle Trask,QB,https://www.sports-reference.com/cfb/players/kyle-trask-1.html,6-5,236,5.10,31.5,,113,7.08,4.60,Tampa Bay Buccaneers / 2nd / 64th pick / 2021
Tommy Tremble,TE,https://www.sports-reference.com/cfb/players/tommy-tremble-1.html,6-3,241,4.60,36.5,20,122,,,Carolina Panthers / 3rd / 83rd pick / 2021
Tommy Tremble,RB,https://www.sports-reference.com/cfb/players/harry-trotter-1.html,5-8,207,4.63,32.5,22,112,,,
Joe Tryon,OLB,https://www.sports-reference.com/cfb/players/joe-tryon-1.html,6-5,259,4.69,35.0,22,116,7.18,4.36,Tampa Bay Buccaneers / 1st / 32nd pick / 2021
Joe Tryon,RB,https://www.sports-reference.com/cfb/players/israel-tucker-1.html,5-7,194,4.60,38.5,20,123,7.25,4.52,
Carl Tucker,TE,https://www.sports-reference.com/cfb/players/carl-tucker-1.html,,,,,,,,,
Carl Tucker,LB,https://www.sports-reference.com/cfb/players/ethan-tucky-1.html,6-1,231,4.62,31.5,21,115,7.08,4.30,
Jay Tufele,DL,https://www.sports-reference.com/cfb/players/jay-tufele-1.html,6-2,305,5.00,30.0,30,105,7.80,4.88,Jacksonville Jaguars / 4th / 106th pick / 2021
Syrus Tuitele,OL,https://www.sports-reference.com/cfb/players/syrus-tuitele-1.html,6-5,311,5.21,26.0,36,94,8.25,4.89,
Payton Turner,DL,https://www.sports-reference.com/cfb/players/payton-turner-1.html,6-5,268,,35.5,23,,6.98,4.33,New Orleans Saints / 1st / 28th pick / 2021
Payton Turner,DB,https://www.sports-reference.com/cfb/players/christian-tutt-1.html,5-10,180,4.73,29.5,,110,7.22,4.25,
Jaylen Twyman,DL,https://www.sports-reference.com/cfb/players/jaylen-twyman-1.html,6-1,301,5.40,32.5,40,104,8.00,,Minnesota Vikings / 6th / 199th pick / 2021
Jaylen Twyman,S,https://www.sports-reference.com/cfb/players/evan-tyler-1.html,6-1,199,4.58,33.0,13,117,7.14,4.32,
Tyler Vaughns,WR,https://www.sports-reference.com/cfb/players/tyler-vaughns-1.html,6-1,190,4.62,31.5,7,120,7.13,4.36,
Alijah Vera-Tucker,OL,https://www.sports-reference.com/cfb/players/alijah-vera-tucker-1.html,6-4,308,5.05,32.0,36,106,7.67,4.70,New York Jets / 1st / 14th pick / 2021
Alijah Vera-Tucker,OL,https://www.sports-reference.com/cfb/players/gunnar-vogel-1.html,6-6,306,5.47,26.0,23,105,7.67,4.92,
Lamont Wade,S,https://www.sports-reference.com/cfb/players/lamont-wade-1.html,5-9,190,4.47,35.5,16,118,7.14,4.34,
Shaun Wade,CB,https://www.sports-reference.com/cfb/players/shaun-wade-1.html,6-0,196,,,,,,,Baltimore Ravens / 5th / 160th pick / 2021
Tre Walker,WR,https://www.sports-reference.com/cfb/players/tre-walker-3.html,5-10,178,4.58,28.0,,113,7.75,4.47,
Tylan Wallace,WR,https://www.sports-reference.com/cfb/players/tylan-wallace-1.html,5-11,194,4.48,33.0,11,112,6.97,4.25,Baltimore Ravens / 4th / 131st pick / 2021
Garret Wallow,LB,https://www.sports-reference.com/cfb/players/garret-wallow-1.html,,,4.65,32.5,22,122,6.87,4.12,Houston Texans / 5th / 170th pick / 2021
Ar'Darius Washington,S,https://www.sports-reference.com/cfb/players/ardarius-washington-1.html,5-7,178,4.61,37.5,17,127,7.06,4.10,
Jamar Watson,OLB,https://www.sports-reference.com/cfb/players/jamar-watson-1.html,6-1,241,4.78,30.0,19,,7.31,4.58,
Rashad Weaver,DL,https://www.sports-reference.com/cfb/players/rashad-weaver-1.html,6-4,259,4.88,32.0,20,114,6.97,4.26,Tennessee Titans / 4th / 135th pick / 2021
Mark Webb,DB,https://www.sports-reference.com/cfb/players/mark-webb-1.html,6-1,207,4.61,36.5,,136,7.30,4.52,Los Angeles Chargers / 7th / 241st pick / 2021
Mark Webb,WR,https://www.sports-reference.com/cfb/players/connor-wedington-1.html,6-0,196,4.47,38.5,13,117,6.66,4.07,
Mark Webb,K,https://www.sports-reference.com/cfb/players/coby-weiss-1.html,5-8,155,,,,,,,
Pro Wells,TE,https://www.sports-reference.com/cfb/players/pro-wells-1.html,,,,,,,,,
Pete Werner,LB,https://www.sports-reference.com/cfb/players/pete-werner-1.html,6-2,238,4.58,39.5,20,122,6.95,4.38,New Orleans Saints / 2nd / 60th pick / 2021
Pete Werner,DE,https://www.sports-reference.com/cfb/players/devon-wharton-1.html,6-2,215,5.10,30.5,4,115,8.12,4.70,
Pete Werner,LB,https://www.sports-reference.com/cfb/players/jarell-white-1.html,5-8,202,4.58,35.0,22,125,7.21,4.35,
Pete Werner,DB,https://www.sports-reference.com/cfb/players/brendon-white-1.html,6-1,215,4.66,34.5,19,112,6.82,4.33,
Brady White,QB,https://www.sports-reference.com/cfb/players/brady-white-1.html,6-1,210,4.84,29.0,,,6.97,4.33,
Brady White,P,https://www.sports-reference.com/cfb/players/haydon-whitehead-1.html,6-2,202,,,,,,,
James Wiggins,S,https://www.sports-reference.com/cfb/players/james-wiggins-1.html,5-11,209,4.40,38.0,22,127,,,Arizona Cardinals / 7th / 243rd pick / 2021
Rachad Wildgoose,CB,https://www.sports-reference.com/cfb/players/rachad-wildgoose-1.html,5-11,197,4.53,36.0,11,120,7.09,4.18,Buffalo Bills / 6th / 213th pick / 2021
Rachad Wildgoose,DT,https://www.sports-reference.com/cfb/players/drew-wiley-1.html,6-4,294,5.24,34.0,24,112,7.34,4.45,
Rachad Wildgoose,P,https://www.sports-reference.com/cfb/players/adam-williams-2.html,6-4,226,,,,,,,
Rachad Wildgoose,OL,https://www.sports-reference.com/cfb/players/carson-williams-2.html,6-4,254,4.79,38.0,18,115,,,
Avery Williams,CB,https://www.sports-reference.com/cfb/players/avery-williams-6.html,5-8,187,4.43,33.5,19,121,6.88,4.00,Atlanta Falcons / 5th / 183rd pick / 2021
Javonte Williams,RB,https://www.sports-reference.com/cfb/players/javonte-williams-1.html,5-9,212,4.55,36.0,22,123,6.97,4.09,Denver Broncos / 2nd / 35th pick / 2021
Javonte Williams,RB,https://www.sports-reference.com/cfb/players/javonte-williams-1.html,5-9,212,4.55,36.0,22,123,6.97,4.09,Denver Broncos / 2nd / 35th pick / 2021
Marlon Williams,WR,https://www.sports-reference.com/cfb/players/marlon-williams-5.html,5-11,209,4.63,33.5,14,119,,4.57,
Milton Williams,DL,https://www.sports-reference.com/cfb/players/milton-williams-1.html,6-3,284,4.67,38.5,34,121,6.96,4.33,Philadelphia Eagles / 3rd / 73rd pick / 2021
Pooka Williams,RB,https://www.sports-reference.com/cfb/players/pooka-williams-1.html,5-9,170,4.46,31.5,4,118,7.03,4.26,
Rodarius Williams,CB,https://www.sports-reference.com/cfb/players/rodarius-williams-1.html,5-11,189,4.50,36.5,14,123,6.98,4.15,New York Giants / 6th / 201st pick / 2021
Seth Williams,WR,https://www.sports-reference.com/cfb/players/seth-williams-1.html,6-3,211,4.49,37.0,12,124,7.20,4.43,Denver Broncos / 6th / 219th pick / 2021
Trill Williams,CB,https://www.sports-reference.com/cfb/players/trill-williams-1.html,6-2,208,,36.0,20,123,,,
Marco Wilson,CB,https://www.sports-reference.com/cfb/players/marco-wilson-1.html,5-11,191,4.37,43.5,26,136,6.80,4.13,Arizona Cardinals / 4th / 136th pick / 2021
Marvin Wilson,DT,https://www.sports-reference.com/cfb/players/marvin-wilson-1.html,6-3,303,5.12,25.5,23,107,7.64,4.91,
Zach Wilson,QB,https://www.sports-reference.com/cfb/players/zach-wilson-3.html,6-2,214,,,,,,,New York Jets / 1st / 2nd pick / 2021
Zach Wilson,TE,https://www.sports-reference.com/cfb/players/brock-wright-1.html,6-4,257,4.62,31.5,26,118,7.27,4.25,
Nahshon Wright,DB,https://www.sports-reference.com/cfb/players/nahshon-wright-1.html,6-4,183,4.46,31.0,6,126,7.24,4.57,Dallas Cowboys / 3rd / 99th pick / 2021
Kenny Yeboah,TE,https://www.sports-reference.com/cfb/players/kenny-yeboah-1.html,6-3,250,,34.0,,116,,,
Kenny Yeboah,DB,https://www.sports-reference.com/cfb/players/devonte-young-1.html,5-11,195,4.70,32.0,,118,7.41,4.38,
Landon Young,OT,https://www.sports-reference.com/cfb/players/landon-young-1.html,6-6,310,5.00,30.5,34,108,7.70,4.89,New Orleans Saints / 6th / 206th pick / 2021
